{"cameraMode":{"drawMode":0,"name":"Shaded","section":"Shading Mode"},"sceneLighting":true,"audioPlay":false,"sceneViewState":{"m_AlwaysRefresh":false,"showFog":true,"showSkybox":true,"showFlares":true,"showImageEffects":true,"showParticleSystems":true,"showVisualEffectGraphs":true,"m_FxEnabled":true},"in2DMode":false,"pivot":{"x":-4.021454334259033,"y":-3.0505003929138185,"z":3.5443029403686525},"rotation":{"x":-0.09317103028297425,"y":0.008061360567808152,"z":-0.0007542641251347959,"w":-0.9956178665161133},"size":8.007810592651368,"orthographic":false}