{"cameraMode":{"drawMode":0,"name":"Shaded","section":"Shading Mode"},"sceneLighting":true,"audioPlay":false,"sceneViewState":{"m_AlwaysRefresh":false,"showFog":true,"showSkybox":true,"showFlares":true,"showImageEffects":true,"showParticleSystems":true,"showVisualEffectGraphs":true,"m_FxEnabled":true},"in2DMode":false,"pivot":{"x":538.8573608398438,"y":287.8063659667969,"z":-31.412490844726564},"rotation":{"x":0.022702839225530626,"y":-0.09583400189876557,"z":0.002186260186135769,"w":0.9951350688934326},"size":81.39410400390625,"orthographic":false}