{"cameraMode":{"drawMode":0,"name":"Shaded","section":"Shading Mode"},"sceneLighting":true,"audioPlay":false,"sceneViewState":{"m_AlwaysRefresh":false,"showFog":true,"showSkybox":true,"showFlares":true,"showImageEffects":true,"showParticleSystems":true,"showVisualEffectGraphs":true,"m_FxEnabled":true},"in2DMode":false,"pivot":{"x":-7.253625392913818,"y":-2.245633125305176,"z":4.259810447692871},"rotation":{"x":0.022702839225530626,"y":-0.09583400189876557,"z":0.002186260186135769,"w":0.9951350688934326},"size":6.6694111824035648,"orthographic":false}