{"cameraMode":{"drawMode":0,"name":"Shaded","section":"Shading Mode"},"sceneLighting":true,"audioPlay":false,"sceneViewState":{"m_AlwaysRefresh":false,"showFog":true,"showSkybox":true,"showFlares":true,"showImageEffects":true,"showParticleSystems":true,"showVisualEffectGraphs":true,"m_FxEnabled":true},"in2DMode":false,"pivot":{"x":1106.5308837890625,"y":229.76705932617188,"z":-109.116455078125},"rotation":{"x":0.11244088411331177,"y":0.04767182469367981,"z":-0.005400741472840309,"w":0.992500364780426},"size":648.5932006835938,"orthographic":false}