{"cameraMode":{"drawMode":0,"name":"Shaded","section":"Shading Mode"},"sceneLighting":true,"audioPlay":false,"sceneViewState":{"m_AlwaysRefresh":false,"showFog":true,"showSkybox":true,"showFlares":true,"showImageEffects":true,"showParticleSystems":true,"showVisualEffectGraphs":true,"m_FxEnabled":true},"in2DMode":false,"pivot":{"x":262.3638610839844,"y":313.6099853515625,"z":-27.364532470703126},"rotation":{"x":0.022702839225530626,"y":-0.09583400189876557,"z":0.002186260186135769,"w":0.9951350688934326},"size":279.6988830566406,"orthographic":false}