{"cameraMode":{"drawMode":0,"name":"Shaded","section":"Shading Mode"},"sceneLighting":true,"audioPlay":false,"sceneViewState":{"m_AlwaysRefresh":false,"showFog":true,"showSkybox":true,"showFlares":true,"showImageEffects":true,"showParticleSystems":true,"showVisualEffectGraphs":true,"m_FxEnabled":true},"in2DMode":false,"pivot":{"x":-5.15123176574707,"y":-3.5449180603027345,"z":4.6082000732421879},"rotation":{"x":0.022702839225530626,"y":-0.09583400189876557,"z":0.002186260186135769,"w":0.9951350688934326},"size":6.3556647300720219,"orthographic":false}